id;datumeindenieuw;indicatieredeninhuurgewijzigd;indicatieverhogeninkooporder;toelichting
1;2024-05-05;when string safely;pish;wrong
2;2024-05-06;obnoxiously drat;remunerate;grown dreamily
3;2024-05-06;searchingly besides;ick albatross courageously;boo
4;2024-05-05;relaunch too;excluding surprisingly;without traffic without
5;2024-05-06;pfft gosh;instead gadzooks;who
6;2024-05-05;yowza towards;harmonious gah;acidly optimistic
7;2024-05-06;turmeric;soggy;although ack inasmuch
8;2024-05-06;nearly banker;usually meat boohoo;for searchingly
9;2024-05-05;times a smoothly;that;noisy worrisome politely
10;2024-05-06;sandpaper;finish itchy;stale presuppose supposing
