id;afwijkendedieptelegging;breedte;diameter;diepte;eisvoorzorgsmaatregel;geonauwkeurigheidxy;hoogte;jaaronderhouduitgevoerd;lengte;leverancier;materiaal;themaimkl;verhoogdrisico
1;now compassionate without;verbally but ew;attitude annually;generously;tremendously villainous ack;after;gee softly vigorous;dimple upon;wonderfully drat;proof-reader that low;lest famously;dollop liquid;knotty reunion
2;ouch diverge abaft;finally hence;corral but;judgementally;contract righteously;pigeon;determined inasmuch;quizzical disrobe consequently;aha ha where;whereas;wriggler sleepily;dory hastily;until
3;shallow elegantly whoa;hot select;accidentally because;rigidly as by;woot;because flawless;though dilate eek;judge;united drat until;hunch righteously;notwithstanding amaze failing;furthermore finally if;crisp sane snack
4;ligand muster hairy;unethically;yahoo;snarling yowza;need;blah;into whenever overturn;gracefully lapse bah;when;blah tunnel;whether;now;yummy bow
5;potentially;under athwart;aha fine;including till;after;via overshadow;clatter;suddenly how;the but astrology;yum bedeck;after unless;whoever yippee that;architect
6;compensate other incandescence;hurtful;about monthly aw;contravene brr;fall materialise excluding;too traumatic;visible;pish without strictly;ephemeris lovingly internal;consequently playful;lest mobilise when;indicator bitterly;heyday incidentally philosophy
7;so whether;stagger pawn;nice yowza leaker;canine;clamour pottery;gah minus unless;nor;positively;madden;yowza promptly nor;whether;than wherever;water
8;opposite excluding;aw;dependent;psst;sensibility yippee robin;compromise;toll whenever;provided;woot yet;phooey openly error;who;vulture truth reinvest;arrogantly
9;foolishly igloo toward;whose church;oof considering quarrelsomely;gladly;drat uh-huh questionably;honorable upon;willfully;via shrilly;lid;centre tragic;supposing psychology;measly following;especially grumble scrub
10;litigation owe;workbench obviate;aw than;gosh reef;bear than brr;fearful yippee;mountain;drum;whether colloquy unimportant;chasuble like;against;vegetarianism across ha;weaponise however
