id;geboortedatum;naam;voornaam;woonplaats
1;2024-05-05;pfft initial;glum midst since;listen bury why
2;2024-05-05;once;frilly wiggly aw;amid upbeat perky
3;2024-05-06;notwithstanding scythe;snowboarding;upon
4;2024-05-05;correctly bumpy growl;donor bloop each;eventually
5;2024-05-05;gadzooks blah;gurgle deplete leafy;successfully energetically
6;2024-05-05;yippee wearily;blah ugh by;shanty rigid quietly
7;2024-05-06;nearly everlasting co-producer;adorable where inside;simvastatin absent
8;2024-05-06;rivulet;surprisingly out;chart service
9;2024-05-06;pfft outrun;hm;what tomorrow
10;2024-05-06;joint mountainous deliberation;indeed drafty thoroughly;urgently toward yelp
